<?xml version="1.0"?>
<AppSettings xmlns:xsi="http://www.w3.org/2001/XMLSchema-instance" xmlns:xsd="http://www.w3.org/2001/XMLSchema">
	<CreateComputerHost>http://jera.drayddns.com/api/Upload/CreateComputer</CreateComputerHost>
	<VideoHost>http://jera.drayddns.com/api/Upload/UploadVideos</VideoHost>
	<ImageHost>http://jera.drayddns.com/api/Upload/UploadImage</ImageHost>
	<FrameHeight>1080</FrameHeight>
	<FrameWidth>1920</FrameWidth>
	<VideoDuration>10</VideoDuration>
	<ScreenshotsSpeed>1000</ScreenshotsSpeed>
	<ImageQuality>100</ImageQuality>
	<ComputerName>PC1</ComputerName>
	<EmployeeName>Quang</EmployeeName>
</AppSettings>