<?xml version="1.0"?>
<AppSettings xmlns:xsi="http://www.w3.org/2001/XMLSchema-instance" xmlns:xsd="http://www.w3.org/2001/XMLSchema">
	<BaseHost>http://jera.drayddns.com</BaseHost>
	<CreateComputerHost>/api/Upload/CreateComputer</CreateComputerHost>
	<VideoHost>/api/Upload/UploadVideos</VideoHost>
	<ImageHost>/api/Upload/UploadImage</ImageHost>
	<StreamUrl>rtmp://jera.drayddns.com:1935</StreamUrl>
	<FrameHeight>1080</FrameHeight>
	<FrameWidth>1920</FrameWidth>
	<VideoDuration>100</VideoDuration>
	<ScreenshotsSpeed>1000</ScreenshotsSpeed>
	<ImageQuality>100</ImageQuality>
	<Port>54368</Port>
	<AllowPublicAccess>true</AllowPublicAccess>
	<ComputerName>PC1</ComputerName>
	<EmployeeName>Quang</EmployeeName>
</AppSettings>